variant,false_positive_rate,false_negative_rate,f1_score,false_positives,false_negatives,true_positives,true_negatives,safe_support,harmful_support
original,0.0,0.6111111111111112,0.56,0,11,7,12,12,18
typo,0.0,0.7222222222222222,0.4347826086956522,0,13,5,12,12,18
camouflage,0.09090909090909091,0.6470588235294118,0.5,1,11,6,10,11,17
adversarial,0.2727272727272727,0.8333333333333334,0.25,3,15,3,8,11,18
