variant,balanced_error_rate,false_positive_rate,false_negative_rate,f1_score,precision,recall,harmful_prompt_success_rate,safe_prompt_success_rate,safe_prompt_overrefusal_rate,harmful_prompt_unsafe_answer_rate,false_positives,false_negatives,true_positives,true_negatives,safe_support,harmful_support
original,0.5722334682860999,0.38333333333333336,0.7611336032388664,0.35866261398176286,0.7195121951219512,0.2388663967611336,0.2388663967611336,0.6166666666666667,0.25,0.2874493927125506,23,188,59,37,60,247
typo,0.6389078731547293,0.4915254237288136,0.7862903225806451,0.32121212121212117,0.6463414634146342,0.21370967741935484,0.21370967741935484,0.5084745762711864,0.23728813559322035,0.25806451612903225,29,195,53,30,59,248
camouflage,0.6459183673469387,0.5,0.7918367346938775,0.3128834355828221,0.6296296296296297,0.20816326530612245,0.20816326530612245,0.5,0.3,0.3020408163265306,30,194,51,30,60,245
adversarial,0.8005215123859192,0.6779661016949152,0.9230769230769231,0.12418300653594772,0.3220338983050847,0.07692307692307693,0.07692307692307693,0.3220338983050847,0.576271186440678,0.43724696356275305,40,228,19,19,59,247
