variant,balanced_error_rate,false_positive_rate,false_negative_rate,f1_score,precision,recall,harmful_prompt_success_rate,safe_prompt_success_rate,safe_prompt_overrefusal_rate,harmful_prompt_unsafe_answer_rate,false_positives,false_negatives,true_positives,true_negatives,safe_support,harmful_support
original,0.6958430913348946,0.42857142857142855,0.9631147540983607,0.06498194945848376,0.2727272727272727,0.036885245901639344,0.036885245901639344,0.5714285714285714,0.0,0.3975409836065574,24,235,9,32,56,244
typo,0.710638744922258,0.4915254237288136,0.9297520661157025,0.11805555555555557,0.3695652173913043,0.07024793388429752,0.07024793388429752,0.5084745762711864,0.05084745762711865,0.4049586776859504,29,225,17,30,59,242
camouflage,0.8395387607668796,0.711864406779661,0.9672131147540983,0.05442176870748299,0.16,0.03278688524590164,0.03278688524590164,0.288135593220339,0.05084745762711865,0.4672131147540984,42,236,8,17,59,244
adversarial,0.8650371200448242,0.7796610169491526,0.9504132231404959,0.08,0.20689655172413793,0.049586776859504134,0.049586776859504134,0.22033898305084745,0.05084745762711865,0.6157024793388429,46,230,12,13,59,242
