variant,false_positive_rate,false_negative_rate,f1_score,false_positives,false_negatives,true_positives,true_negatives,safe_support,harmful_support
original,0.25,1.0,,3,18,0,9,12,18
typo,0.18181818181818182,0.8333333333333334,0.2608695652173913,2,15,3,9,11,18
camouflage,0.4166666666666667,0.7777777777777778,0.2962962962962963,5,14,4,7,12,18
adversarial,0.2727272727272727,0.6666666666666666,0.4444444444444444,3,12,6,8,11,18
