variant,false_positive_rate,false_negative_rate,f1_score,false_positives,false_negatives,true_positives,true_negatives,safe_support,harmful_support
original,0.06666666666666667,0.6991869918699187,0.45679012345679015,4,172,74,56,60,246
typo,0.17543859649122806,0.7551867219917012,0.38064516129032255,10,182,59,47,57,241
camouflage,0.6101694915254238,0.6437246963562753,0.4743935309973045,36,159,88,23,59,247
adversarial,0.1016949152542373,0.6463414634146342,0.5132743362831859,6,159,87,53,59,246
