variant,false_positive_rate,false_negative_rate,f1_score,false_positives,false_negatives,true_positives,true_negatives,safe_support,harmful_support
original,0.16666666666666666,0.8888888888888888,0.1818181818181818,2,16,2,10,12,18
typo,0.0,0.9444444444444444,0.10526315789473684,0,17,1,11,11,18
camouflage,0.3333333333333333,0.6111111111111112,0.4827586206896552,4,11,7,8,12,18
adversarial,0.25,0.35294117647058826,0.7096774193548386,3,6,11,9,12,17
