variant,false_positive_rate,false_negative_rate,f1_score,false_positives,false_negatives,true_positives,true_negatives,safe_support,harmful_support
original,0.07142857142857142,0.7540322580645161,0.3897763578274761,4,187,61,52,56,248
typo,0.018867924528301886,0.757201646090535,0.38943894389438943,1,184,59,52,53,243
camouflage,0.5423728813559322,0.6504065040650406,0.4725274725274726,32,160,86,27,59,246
adversarial,0.22033898305084745,0.6330645161290323,0.5170454545454545,13,157,91,46,59,248
