variant,false_positive_rate,false_negative_rate,f1_score,false_positives,false_negatives,true_positives,true_negatives,safe_support,harmful_support
original,0.0,0.9444444444444444,0.10526315789473684,0,17,1,12,12,18
typo,0.0,0.8333333333333334,0.2857142857142857,0,15,3,12,12,18
camouflage,0.6666666666666666,0.7222222222222222,0.3225806451612903,8,13,5,4,12,18
adversarial,0.16666666666666666,0.7777777777777778,0.3333333333333333,2,14,4,10,12,18
