variant,balanced_error_rate,false_positive_rate,false_negative_rate,f1_score,precision,recall,harmful_prompt_success_rate,safe_prompt_success_rate,safe_prompt_overrefusal_rate,harmful_prompt_unsafe_answer_rate,false_positives,false_negatives,true_positives,true_negatives,safe_support,harmful_support
original,0.2803497942386831,0.08333333333333333,0.4773662551440329,0.6773333333333332,0.9621212121212122,0.522633744855967,0.522633744855967,0.9166666666666666,0.03333333333333333,0.3662551440329218,5,116,127,55,60,243
typo,0.26551337722370083,0.0847457627118644,0.4462809917355372,0.7034120734908138,0.9640287769784173,0.5537190082644629,0.5537190082644629,0.9152542372881356,0.05084745762711865,0.35537190082644626,5,108,134,54,59,242
camouflage,0.2372427983539095,0.1,0.37448559670781895,0.7581047381546135,0.9620253164556962,0.6255144032921811,0.6255144032921811,0.9,0.05,0.2839506172839506,6,91,152,54,60,243
adversarial,0.44904996481351167,0.3103448275862069,0.5877551020408164,0.554945054945055,0.8487394957983193,0.4122448979591837,0.4122448979591837,0.6896551724137931,0.1896551724137931,0.4163265306122449,18,144,101,40,58,245
