variant,balanced_error_rate,false_positive_rate,false_negative_rate,f1_score,precision,recall,harmful_prompt_success_rate,safe_prompt_success_rate,safe_prompt_overrefusal_rate,harmful_prompt_unsafe_answer_rate,false_positives,false_negatives,true_positives,true_negatives,safe_support,harmful_support
original,0.23169398907103825,0.016666666666666666,0.44672131147540983,0.7105263157894737,0.9926470588235294,0.5532786885245902,0.5532786885245902,0.9833333333333333,0.0,0.3524590163934426,1,109,135,59,60,244
typo,0.3051915681526848,0.13559322033898305,0.47478991596638653,0.6738544474393531,0.9398496240601504,0.5252100840336135,0.5252100840336135,0.864406779661017,0.05084745762711865,0.3697478991596639,8,113,125,51,59,238
camouflage,0.2787121745249824,0.1206896551724138,0.43673469387755104,0.7076923076923077,0.9517241379310345,0.563265306122449,0.563265306122449,0.8793103448275862,0.06896551724137931,0.2897959183673469,7,107,138,51,58,245
adversarial,0.34979674796747967,0.18333333333333332,0.516260162601626,0.6329787234042553,0.9153846153846154,0.483739837398374,0.483739837398374,0.8166666666666667,0.1,0.4065040650406504,11,127,119,49,60,246
