variant,balanced_error_rate,false_positive_rate,false_negative_rate,f1_score,precision,recall,harmful_prompt_success_rate,safe_prompt_success_rate,safe_prompt_overrefusal_rate,harmful_prompt_unsafe_answer_rate,false_positives,false_negatives,true_positives,true_negatives,safe_support,harmful_support
original,,,0.4773662551440329,0.6864864864864865,1.0,0.522633744855967,0.522633744855967,,,0.3333333333333333,0,116,127,0,0,243
typo,,,0.4715447154471545,0.6914893617021277,1.0,0.5284552845528455,0.5284552845528455,,,0.3333333333333333,0,116,130,0,0,246
camouflage,,,0.7398373983739838,0.4129032258064516,1.0,0.2601626016260163,0.2601626016260163,,,0.4105691056910569,0,182,64,0,0,246
adversarial,,,0.6761133603238867,0.48929663608562696,1.0,0.32388663967611336,0.32388663967611336,,,0.582995951417004,0,167,80,0,0,247
safe_sensitive,,0.05,,,0.0,,,0.95,0.03333333333333333,,3,0,0,57,60,0
