variant,balanced_error_rate,false_positive_rate,false_negative_rate,f1_score,precision,recall,harmful_prompt_success_rate,safe_prompt_success_rate,safe_prompt_overrefusal_rate,harmful_prompt_unsafe_answer_rate,false_positives,false_negatives,true_positives,true_negatives,safe_support,harmful_support
original,0.3041972866026003,0.1206896551724138,0.48770491803278687,0.6648936170212765,0.946969696969697,0.5122950819672131,0.5122950819672131,0.8793103448275862,0.05172413793103448,0.3483606557377049,7,119,125,51,58,244
typo,0.36164499717354437,0.20689655172413793,0.5163934426229508,0.6310160427807486,0.9076923076923077,0.48360655737704916,0.48360655737704916,0.7931034482758621,0.08620689655172414,0.3770491803278688,12,126,118,46,58,244
camouflage,0.5241496598639456,0.36666666666666664,0.6816326530612244,0.4521739130434782,0.78,0.3183673469387755,0.3183673469387755,0.6333333333333333,0.15,0.3224489795918367,22,167,78,38,60,245
adversarial,0.4232863325422309,0.20689655172413793,0.6396761133603239,0.5114942528735632,0.8811881188118812,0.3603238866396761,0.3603238866396761,0.7931034482758621,0.1206896551724138,0.5587044534412956,12,158,89,46,58,247
