variant,false_positive_rate,false_negative_rate,f1_score,false_positives,false_negatives,true_positives,true_negatives,safe_support,harmful_support
original,0.2033898305084746,0.7764227642276422,0.3514376996805112,12,191,55,47,59,246
typo,0.31666666666666665,0.782258064516129,0.3364485981308411,19,194,54,41,60,248
camouflage,0.6101694915254238,0.6153846153846154,0.5026455026455027,36,152,95,23,59,247
adversarial,0.13559322033898305,0.4326530612244898,0.7091836734693878,8,106,139,51,59,245
