row_id,variant,ber_mean,ber_half_width,ber_n,f1_mean,f1_half_width,f1_n
system_prompt_duolingo,adversarial,0.38668566666666665,0.20901890270602205,3,0.6189413333333333,0.375530945314568,3
system_prompt_duolingo,camouflage,0.5185183333333333,0.17020756488207955,3,0.38789,0.23172572996434465,3
system_prompt_duolingo,original,0.5500843333333333,0.16551801070388364,3,0.2832165,1.2883693409999997,2
system_prompt_duolingo,typo,0.493266,0.046243831766821904,3,0.2649013333333333,0.40169685754988327,3
system_prompt_generic,adversarial,0.448232,0.2947083299433546,3,0.39197533333333334,0.4438677700938825,3
system_prompt_generic,camouflage,0.49799466666666664,0.42952500033869295,3,0.47621399999999997,0.3558293770269135,3
system_prompt_generic,original,0.3703703333333333,0.22183362331008083,3,0.388421,0.61375644432399,3
system_prompt_generic,typo,0.37037033333333336,0.10541443489679693,3,0.40683233333333335,0.2728879265627018,3
