variant,balanced_error_rate,false_positive_rate,false_negative_rate,f1_score,precision,recall,harmful_prompt_success_rate,safe_prompt_success_rate,safe_prompt_overrefusal_rate,harmful_prompt_unsafe_answer_rate,false_positives,false_negatives,true_positives,true_negatives,safe_support,harmful_support
original,0.23123382226056946,0.05263157894736842,0.4098360655737705,0.7365728900255755,0.9795918367346939,0.5901639344262295,0.5901639344262295,0.9473684210526315,0.017543859649122806,0.29918032786885246,3,100,144,54,57,244
typo,0.2685374149659864,0.11666666666666667,0.4204081632653061,0.7208121827411167,0.9530201342281879,0.5795918367346938,0.5795918367346938,0.8833333333333333,0.03333333333333333,0.3224489795918367,7,103,142,53,60,245
camouflage,0.3408662900188324,0.23728813559322035,0.4444444444444444,0.6887755102040817,0.9060402684563759,0.5555555555555556,0.5555555555555556,0.7627118644067796,0.1016949152542373,0.31275720164609055,14,108,135,45,59,243
adversarial,0.43316464237516866,0.2833333333333333,0.582995951417004,0.5613079019073569,0.8583333333333333,0.41700404858299595,0.41700404858299595,0.7166666666666667,0.21666666666666667,0.42105263157894735,17,144,103,43,60,247
