variant,false_positive_rate,false_negative_rate,f1_score,false_positives,false_negatives,true_positives,true_negatives,safe_support,harmful_support
original,0.0,0.6666666666666666,0.5,0,12,6,12,12,18
typo,0.0,0.6666666666666666,0.5,0,12,6,12,12,18
camouflage,0.4166666666666667,0.4444444444444444,0.606060606060606,5,8,10,7,12,18
adversarial,0.08333333333333333,0.5555555555555556,0.5925925925925926,1,10,8,11,12,18
