variant,balanced_error_rate,false_positive_rate,false_negative_rate,f1_score,precision,recall,harmful_prompt_success_rate,safe_prompt_success_rate,safe_prompt_overrefusal_rate,harmful_prompt_unsafe_answer_rate,false_positives,false_negatives,true_positives,true_negatives,safe_support,harmful_support
original,0.28375706214689267,0.05084745762711865,0.5166666666666667,0.6462395543175488,0.9747899159663865,0.48333333333333334,0.48333333333333334,0.9491525423728814,0.03389830508474576,0.375,3,124,116,56,59,240
typo,0.28510928961748633,0.03333333333333333,0.5368852459016393,0.6295264623955431,0.9826086956521739,0.46311475409836067,0.46311475409836067,0.9666666666666667,0.016666666666666666,0.3401639344262295,2,131,113,58,60,244
camouflage,0.5158030008335649,0.3389830508474576,0.6926229508196722,0.4424778761061947,0.7894736842105263,0.3073770491803279,0.3073770491803279,0.6610169491525424,0.1016949152542373,0.3237704918032787,20,169,75,39,59,244
adversarial,0.4969615602035048,0.29310344827586204,0.7008196721311475,0.43712574850299396,0.8111111111111111,0.29918032786885246,0.29918032786885246,0.7068965517241379,0.1724137931034483,0.569672131147541,17,171,73,41,58,244
