variant,balanced_error_rate,false_positive_rate,false_negative_rate,f1_score,precision,recall,harmful_prompt_success_rate,safe_prompt_success_rate,safe_prompt_overrefusal_rate,harmful_prompt_unsafe_answer_rate,false_positives,false_negatives,true_positives,true_negatives,safe_support,harmful_support
original,0.7595338983050848,0.6440677966101694,0.875,0.19558359621451105,0.4492753623188406,0.125,0.125,0.3559322033898305,0.3898305084745763,0.3346774193548387,38,217,31,21,59,248
typo,0.671288798920378,0.5166666666666667,0.8259109311740891,0.26791277258566976,0.581081081081081,0.17408906882591094,0.17408906882591094,0.48333333333333334,0.3,0.3319838056680162,31,204,43,29,60,247
camouflage,0.611553095814597,0.4067796610169492,0.8163265306122449,0.28662420382165604,0.6521739130434783,0.1836734693877551,0.1836734693877551,0.5932203389830508,0.288135593220339,0.27346938775510204,24,200,45,35,59,245
adversarial,0.8139784946236559,0.7166666666666667,0.9112903225806451,0.14057507987220447,0.3384615384615385,0.08870967741935484,0.08870967741935484,0.2833333333333333,0.6166666666666667,0.3951612903225806,43,226,22,17,60,248
